{"nodes":{"node:0":{"location":{"x":525,"y":320}}},"selection":null,"view":{"scroll":{"x":356.280364990234375,"y":249.378814697265625},"visible_rect":{"max":{"x":1536.2244873046875,"y":966.703125},"min":{"x":285.024322509765625,"y":199.503067016601562}},"zoom":1.24999988079071045}}