{"nodes":null,"selection":null,"view":{"scroll":{"x":193.40313720703125,"y":145.08319091796875},"visible_rect":{"max":{"x":1640.6898193359375,"y":1030.758544921875},"min":{"x":180.55877685546875,"y":135.4478759765625}},"zoom":1.0711367130279541}}