{"nodes":{"node:0":{"location":{"x":454,"y":305}}},"selection":null,"view":{"scroll":{"x":-14.9254446029663086,"y":-35.1633796691894531},"visible_rect":{"max":{"x":2244.099609375,"y":1231.7823486328125},"min":{"x":-19.9005947113037109,"y":-46.8845100402832031}},"zoom":0.749999940395355225}}