{"nodes":{"node:0":{"location":{"x":573,"y":320}}},"selection":null,"view":{"scroll":{"x":503.71759033203125,"y":154.385238647460938},"visible_rect":{"max":{"x":1186.316650390625,"y":726.8372802734375},"min":{"x":528.0191650390625,"y":161.833480834960938}},"zoom":0.953975975513458252}}