{"nodes":{"node:1":{"location":{"x":0,"y":0}},"node:4":{"location":{"x":0,"y":0}}},"selection":null,"view":{"scroll":{"x":-11.2767648696899414,"y":-4.57763671875e-05},"visible_rect":{"max":{"x":393.9903564453125,"y":365.00006103515625},"min":{"x":-9.9903411865234375,"y":-4.05543178203515708e-05}},"zoom":1.12876677513122559}}