{"nodes":null,"selection":null,"view":{"scroll":{"x":174.071487426757812,"y":-142.892501831054688},"visible_rect":{"max":{"x":1655.698486328125,"y":1005.677001953125},"min":{"x":438.6279296875,"y":-360.062652587890625}},"zoom":0.396854549646377563}}