{"nodes":null,"selection":null,"view":{"scroll":{"x":4775.9765625,"y":568.43408203125},"visible_rect":{"max":{"x":3823.294677734375,"y":828.71099853515625},"min":{"x":3120.307373046875,"y":371.37725830078125}},"zoom":1.53061091899871826}}