{"nodes":{"node:0":{"location":{"x":707,"y":832}},"node:2":{"location":{"x":936,"y":784}}},"selection":["node:0"],"view":{"scroll":{"x":201.62481689453125,"y":346.878509521484375},"visible_rect":{"max":{"x":1684.3343505859375,"y":1233.1832275390625},"min":{"x":190.40081787109375,"y":327.568572998046875}},"zoom":1.05894935131072998}}