{"nodes":null,"selection":null,"view":{"scroll":{"x":26.5301189422607422,"y":358.87530517578125},"visible_rect":{"max":{"x":858.30389404296875,"y":813.42041015625},"min":{"x":20.6533164978027344,"y":279.3792724609375}},"zoom":1.2845451831817627}}