{"nodes":null,"selection":null,"view":{"scroll":{"x":4669.69970703125,"y":557.065673828125},"visible_rect":{"max":{"x":3830.46728515625,"y":828.71063232421875},"min":{"x":3113.1337890625,"y":371.377197265625}},"zoom":1.49999964237213135}}