{"nodes":{"node:20":{"location":{"x":-2154,"y":235}},"node:21":{"location":{"x":-1675,"y":196}},"node:22":{"location":{"x":-1676,"y":270}},"node:23":{"location":{"x":-1328,"y":116}},"node:24":{"location":{"x":-1330,"y":269}},"node:25":{"location":{"x":-1328,"y":205}},"node:26":{"location":{"x":-877,"y":144}},"node:27":{"location":{"x":1476,"y":319}},"node:28":{"location":{"x":-935,"y":268}},"node:29":{"location":{"x":2099,"y":320}},"node:30":{"location":{"x":2711,"y":318}},"node:31":{"location":{"x":3348,"y":318}},"node:32":{"location":{"x":3557,"y":236}},"node:33":{"location":{"x":4350,"y":152}},"node:34":{"location":{"x":4350,"y":456}},"node:35":{"location":{"x":798,"y":319}},"node:36":{"location":{"x":179,"y":319}},"node:37":{"location":{"x":-555,"y":310}}},"selection":null,"view":{"scroll":{"x":3016.9951171875,"y":20.1995697021484375},"visible_rect":{"max":{"x":4598.9951171875,"y":979.1995849609375},"min":{"x":3016.9951171875,"y":20.1995697021484375}},"zoom":1}}