{"nodes":{"node:0":{"location":{"x":478,"y":434}},"node:200":{"group_size":{"x":384,"y":383},"location":{"x":144,"y":-128}}},"selection":["node:200"],"view":{"scroll":{"x":-485.63458251953125,"y":-343.254425048828125},"visible_rect":{"max":{"x":731.426513671875,"y":410.7869873046875},"min":{"x":-323.98504638671875,"y":-228.997894287109375}},"zoom":1.49894130229949951}}