{"nodes":null,"selection":null,"view":{"scroll":{"x":503.717376708984375,"y":154.385208129882812},"visible_rect":{"max":{"x":1186.316650390625,"y":726.8372802734375},"min":{"x":528.01904296875,"y":161.833465576171875}},"zoom":0.953975796699523926}}