{"nodes":null,"selection":null,"view":{"scroll":{"x":-718.193359375,"y":-109.226028442382812},"visible_rect":{"max":{"x":-745.5751953125,"y":1259.4609375},"min":{"x":-2090.08984375,"y":-317.8701171875}},"zoom":0.343618422746658325}}